ShortName: MYSPET, CompanyName: MYSORE PETRO CHEMICALS LTD
ShortName: ICISEN, CompanyName: ICICI PRU S&P BSE SENSEX ETF
ShortName: BHEL, CompanyName: BHARAT HEAVY ELECTRICALS LTD
ShortName: NAMELE, CompanyName: NAMTECH ELETRONIC DEVICES
ShortName: GULLUB, CompanyName: GULF OIL LUBRICANTS INDIA LTD
ShortName: BHOIND, CompanyName: BHOR INDUSTRIES LTD
ShortName: JAGPHA, CompanyName: JAGSONPAL PHARMACEUTICALS LIMI
ShortName: KIRIN, CompanyName: KIRLOSKAR INV. & FIN. LTD
ShortName: LAKAUT, CompanyName: LAKSHMI AUTO COMPONENTS LTD.
ShortName: CREGRA, CompanyName: CREDITACCESS GRAMEEN LIMITED
ShortName: INDCAR, CompanyName: INDIAN CARD CLOTHING LTD
ShortName: JMCPRO, CompanyName: JMC PROJECTS (INDIA) LIMITED
ShortName: HITGEA, CompanyName: THE HI-TECH GEARS LTD
ShortName: HAWCOO, CompanyName: HAWKINS COOKER LTD
ShortName: GESIND, CompanyName: GESTETNER (INDIAI LTD
ShortName: 5PACAP, CompanyName: FIVE PAISA CAPITAL LIMITED
ShortName: GUJNRE, CompanyName: GUJARAT NRE COKE LIMITED
ShortName: ELPINT, CompanyName: ELPRO INTERNATIONAL LTD
ShortName: AARDRU, CompanyName: AARTI DRUGS LIMITED
ShortName: ABBLAB, CompanyName: PHARMACIA HEALTHCARE LTD
ShortName: ALKAMI, CompanyName: ALKYL AMINES CHEMICALS LIMITED
ShortName: HITHOM, CompanyName: JOHNSON CONTROLS HITACHI AIR I
ShortName: MPHLIM, CompanyName: MPHASIS LIMITED
ShortName: DYNTEC, CompanyName: DYNAMATIC TECHNOLOGIES LTD
ShortName: ICINEX, CompanyName: ICICI PRUD NIFTY NEXT 50 ETF
ShortName: VATMUS, CompanyName: VATSA MUSIC LTD
ShortName: PARCON, CompanyName: LOTTE INDIA CORPORATION LTD
ShortName: SOUIND, CompanyName: SOUND CRAFT INDUSTRIES LT
ShortName: RAMIND, CompanyName: RAMCO INDUSTRIES LIMITED
ShortName: CLARIA, CompanyName: CLARIANT (INDIA) LIMITED
ShortName: KOTPET, CompanyName: KOTHARI PETROCHEMICALS LIMITED
ShortName: HERFOO, CompanyName: HERITAGE FOODS LIMITED
ShortName: ESCMF, CompanyName: ESCORTS MF-IB GROWTH
ShortName: CABIND, CompanyName: CABOT INDIA LIMITED
ShortName: DENBAN, CompanyName: DENA BANK
ShortName: ELGTYR, CompanyName: ELGITREAD (INDIA) LIMITED
ShortName: SHIBIM, CompanyName: SHIVALIK BIMETAL CONTROLS LTD
ShortName: BANBAR, CompanyName: BANK OF BARODA
ShortName: HDFSTA, CompanyName: HDFC LIFE INSURANCE COM LTD
ShortName: MONISP, CompanyName: JSW ISPAT SPECIAL PRODUCTS LTD
ShortName: EIDTEL, CompanyName: EIDER INFOTECH LIMITED
ShortName: SONBLW, CompanyName: SONA BLW PRECISION FORGINGS
ShortName: SHYMET, CompanyName: SHYAM METALICS AND ENERGY LTD
ShortName: OSWGRE, CompanyName: OSWAL GREENTECH LIMITED
ShortName: GAIL, CompanyName: GAIL (INDIA) LIMITED
ShortName: SKMEGG, CompanyName: SKM EGG PRODUCTS EXPORTS (INDI
ShortName: 3MIND, CompanyName: 3M INDIA LIMITED
ShortName: BANIND, CompanyName: BANK OF INDIA
ShortName: INDNIP, CompanyName: INDIA NIPPON ELECTRICALS LTD
ShortName: CONCOR, CompanyName: CONTAINER CORPORATION OF INDIA
ShortName: BIRERI, CompanyName: BIRLA CABLE LIMITED
ShortName: MATTEL, CompanyName: PANASONIC AVC NETWORKS
ShortName: HAPMIN, CompanyName: HAPPIEST MINDS TECHNOLOGIES
ShortName: BIRCOR, CompanyName: BIRLA CORPORATION LTD
ShortName: KCPSUG, CompanyName: K C P SUGAR AND INDUSTRIES COR
ShortName: DODDAI, CompanyName: DODLA DAIRY LIMITED
ShortName: ICILIQ, CompanyName: ICICI PRU S&P BSE LIQ RATE ETF
ShortName: SNOLOG, CompanyName: SNOWMAN LOGISTICS LIMITED
ShortName: KRIINS, CompanyName: KRISHNA INSTITUTE OF MED SCI
ShortName: INDLAB, CompanyName: IND-SWIFT LABORATORIES LIMITED
ShortName: ICEMAK, CompanyName: ICE MAKE REFRIGERATION LTD
ShortName: SAREIN, CompanyName: SAREGAMA INDIA LIMITED
ShortName: FDC, CompanyName: FDC LIMITED
ShortName: AHMELE, CompanyName: TORRENT POWER AEC LIMITED
ShortName: ENGIND, CompanyName: ENGINEERS INDIA LTD
ShortName: MADFER, CompanyName: MADRAS FERTILIZERS LIMITED
ShortName: HINCHE, CompanyName: HINDCON CHEMICALS LIMITED
ShortName: INDPES, CompanyName: INDIA PESTICIDES LIMITED
ShortName: BLUDAR, CompanyName: BLUE DART EXPRESS LTD
ShortName: ICIBAN, CompanyName: ICICI BANK LIMITED
ShortName: NIPPHA, CompanyName: NIPPON INDIA NIFTY PHARMA ETF
ShortName: IRCINT, CompanyName: IRCON INTERNATIONAL LIMITED
ShortName: SHACRO, CompanyName: SHARDA CROPCHEM LIMITED
ShortName: CLESCI, CompanyName: CLEAN SCIENCE AND TECHNOLOGY
ShortName: GRINFR, CompanyName: G R INFRAPROJECTS LIMITED
ShortName: MAZDOC, CompanyName: MAZAGON DOCK SHIPBUILDERS LTD
ShortName: ZOMLIM, CompanyName: ZOMATO LIMITED
ShortName: KPIGLO, CompanyName: KPI GREEN ENERGY LIMITED
ShortName: BOMDYE, CompanyName: BOMBAY DYEING & MFG CO LTD
ShortName: CHAINF, CompanyName: CIGNITI TECHNOLOGIES LTD
ShortName: JAICOR, CompanyName: JAI CORP LIMITED
ShortName: CORBAN, CompanyName: CORPORATION BANK
ShortName: TATCHI, CompanyName: TATVA CHINTAN PHARMA CHEM LTD
ShortName: SBICON, CompanyName: SBI ETF CONSUMPTION
ShortName: BONREF, CompanyName: BONGAIGAON REFINERY LTD
ShortName: STYIND, CompanyName: STYLAM INDUSTRIES LIMITED
ShortName: KOVMED, CompanyName: KOVAI MEDICAL CENTER & HOSPITA
ShortName: ANTART, CompanyName: ANTARCTICA LTD
ShortName: GRAWEI, CompanyName: GRAUER & WEIL (INDIA) LTD
ShortName: GUJMI, CompanyName: GUJARAT MINERAL DEVELOPMENT CO
ShortName: ANDYUL, CompanyName: ANDREW YULE & COMPANY LTD
ShortName: BHA22, CompanyName: ICICI PRUD MF BHARAT 22 ETF
ShortName: MIRFIN, CompanyName: MIRAE ASSET NIFTY FIN SERV ETF
ShortName: AARDR, CompanyName: AAREY DRUGS & PHARMACEUTICALS
ShortName: INDBA, CompanyName: INDUSIND BANK LIMITED
ShortName: BHAPET, CompanyName: BHARAT PETROLEUM CORPN LTD
ShortName: PDSMUL, CompanyName: PDS LIMITED
ShortName: GLELIF, CompanyName: GLENMARK LIFE SCIENCES LIMITED
ShortName: UTIAMC, CompanyName: UTI ASSET MANAGEMENT COM LTD
ShortName: ROLRIN, CompanyName: ROLEX RINGS LIMITED
ShortName: STABIK, CompanyName: STATE BANK OF BIKANER & JAIPUR
ShortName: SHIMAC, CompanyName: PRITIKA AUTO INDUSTRIES LTD
ShortName: BPL, CompanyName: BPL LIMITED
ShortName: ICIFMC, CompanyName: ICICI PRU NIFTY FMCG ETF
ShortName: CHOSEC, CompanyName: UGRO CAPITAL LIMITED
ShortName: STABTR, CompanyName: STATE BANK OF TRAVANCORE
ShortName: EXXTIL, CompanyName: EXXARO TILES LIMITED
ShortName: KRSDIA, CompanyName: KRSNAA DIAGNOSTICS LIMITED
ShortName: WINBIO, CompanyName: WINDLAS BIOTECH LIMITED
ShortName: DEVIN, CompanyName: DEVYANI INTERNATIONAL LIMITED
ShortName: ASAIND, CompanyName: ASAHI INDIA GLASS LIMITED
ShortName: MEGF, CompanyName: MEGHMANI FINECHEM LIMITED
ShortName: AAVFIN, CompanyName: AAVAS FINANCIERS LIMITED
ShortName: MEGORG, CompanyName: MEGHMANI ORGANICS LTD
ShortName: CARTEC, CompanyName: CARTRADE TECH LIMITED
ShortName: BPLSAN, CompanyName: BST LIMITED
ShortName: NUVVIS, CompanyName: NUVOCO VISTAS CORPORATION LTD
ShortName: TRITE, CompanyName: TRIGYN TECHNOLOGIES LIMITED
ShortName: APTVAL, CompanyName: APTUS VALUE HOUSING FIN IND
ShortName: BPLSU, CompanyName: B S APPLIANCES
ShortName: CHESAN, CompanyName: CHEMPLAST SANMAR LTD
ShortName: BRIIND, CompanyName: BRITANNIA INDUSTRIES LTD
ShortName: GARREA, CompanyName: GARDEN REACH SHIPBUILD ENG LTD
ShortName: AIMPES, CompanyName: AIMCO PESTICIDES LTD.
ShortName: YUKIND, CompanyName: YUKEN INDIA LTD
ShortName: NANCRE, CompanyName: NANDANI CREATION LIMITED
ShortName: KOTPRO, CompanyName: KOTHARI PRODUCTS LTD
ShortName: RELINF, CompanyName: RELIANCE INFRASTRUCTURE LTD
ShortName: PSIDAT, CompanyName: PSI DATA SYSTEMS LTD
ShortName: AAATEC, CompanyName: AAA TECHNOLOGIES LIMITED
ShortName: WYELED, CompanyName: WYETH LIMITED
ShortName: AMIORG, CompanyName: AMI ORGANICS LIMITED
ShortName: VIJDIA, CompanyName: VIJAYA DIAGNOSTIC CENTRE LTD
ShortName: INTCON, CompanyName: INTERNATIONAL CONVEYORS LTD
ShortName: ASTPHA, CompanyName: ASTRAZENECA PHARMA INDIA LTD
ShortName: GANBEN, CompanyName: GANESH BENZOPLAST LTD
ShortName: IPRING, CompanyName: IP RINGS LIMITED
ShortName: ITDCEM, CompanyName: ITD CEMENTATION INDIA LIMITED
ShortName: JAMKAS, CompanyName: JAMMU AND KASHMIR BANK LTD
ShortName: SHAOVE, CompanyName: SHANTI OVERSEAS INDIA LTD
ShortName: BURWEL, CompanyName: BURROUGHS WELLCOME (INDIA
ShortName: BBTRIP, CompanyName: B AND B TRIPLEWALL CONT LTD
ShortName: CITUNI, CompanyName: CITY UNION BANK LTD
ShortName: CMC, CompanyName: CMC LIMITED
ShortName: AXICON, CompanyName: AXIS NIFTY INDIA CONSUMPTN ETF
ShortName: CADIND, CompanyName: CADBURY INDIA LTD
ShortName: CYILIM, CompanyName: CYIENT LIMITED
ShortName: SANEN, CompanyName: SANSERA ENGINEERING LIMITED
ShortName: LIKINF, CompanyName: LIKHITHA INFRASTRUCTURE LTD
ShortName: MIRS50, CompanyName: MIRAE ASSET S AND P 500 50 ETF
ShortName: CANHOM, CompanyName: CAN FIN HOMES LTD
ShortName: KOTBAN, CompanyName: KOTAK NIFTY BANK ETF
ShortName: LAGSPI, CompanyName: LAGNAM SPINTEX LIMITED
ShortName: CAPIND, CompanyName: CAPRIHANS INDIA LTD
ShortName: AGREVO, CompanyName: BAYER  CROPSCIENCE INDIA LTD
ShortName: HINCIB, CompanyName: CIBA INDIA LIMITED
ShortName: AXIBAN, CompanyName: AXIS BANK LIMITED
ShortName: PARDEF, CompanyName: PARAS DEFENCE AND SPACE TECH
ShortName: CAREVE, CompanyName: GRAPHITE INDIA LIMITED
ShortName: INTDES, CompanyName: INTELLECT DESIGN ARENA LIMITED
ShortName: MONCAR, CompanyName: MONTE CARLO FASHIONS LIMITED
ShortName: SOUBAN, CompanyName: SOUTH INDIAN BANK LTD
ShortName: CARUNI, CompanyName: CARBORUNDUM UNIVERSAL LTD
ShortName: BIRSEN, CompanyName: ADITYABIRLA SLS&PBSESENSEX ETF
ShortName: CARAIR, CompanyName: CARRIER AIRCON LTD
ShortName: COATRA, CompanyName: COASTAL CORPORATION LIMITED
ShortName: ADIAMC, CompanyName: ADITYA BIRLA SUN LIFE AMC LTD
ShortName: CABCOR, CompanyName: CABLE CORPORATION OF INDIA LTD
ShortName: EUROIN, CompanyName: EURO INDIA FRESH FOODS LIMITED
ShortName: PASACR, CompanyName: PASUPATI ACRYLON LTD
ShortName: LICGSC, CompanyName: LIC NOMURA MF G-SEC LT ETF- GO
ShortName: ADAGAS, CompanyName: ADANI TOTAL GAS LIMITED
ShortName: AIRLAM, CompanyName: AIRO LAM LIMITED
ShortName: GOOLUC, CompanyName: GOODLUCK INDIA LIMITED
ShortName: PANDEV, CompanyName: PANSARI DEVELOPERS LIMITED
ShortName: ARTNIR, CompanyName: ART NIRMAN LIMITED
ShortName: CENCHE, CompanyName: AKZO NOBEL CHEMICALS (INDIA) L
ShortName: BHAC, CompanyName: BHAGIRADHA CHEMICALS AND INDUS
ShortName: CENENK, CompanyName: CENTURY ENKA LTD
ShortName: FINCHE, CompanyName: FINEOTEX CHEMICAL LIMITED
ShortName: CAMFIN, CompanyName: CAMLIN FINE SCIENCES LIMITED
ShortName: DHUTE, CompanyName: DHUNSERI TEA & INDUSTRIES LTD
ShortName: 3IINFO, CompanyName: 3I INFOTECH LIMITED
ShortName: CENTEX, CompanyName: CENTURY TEXTILES & INDUSTRIES
ShortName: MEDBIO, CompanyName: MEDICAMEN BIOTECH LTD
ShortName: CESC, CompanyName: CESC LIMITED
ShortName: GULPOL, CompanyName: GULSHAN POLYOLS LTD
ShortName: ADIHEA, CompanyName: ADITYA BIR SUN  NIF HEALTH ETF
ShortName: MAASOF, CompanyName: MAARS SOFTWARE INTERNATIONAL L
ShortName: IDBBAN, CompanyName: nan
ShortName: IGAMOT, CompanyName: IGARASHI MOTORS INDIA LIMITED
ShortName: MIRETF, CompanyName: MIRAE ASSET NIFTY 50 ETF
ShortName: NATALU, CompanyName: NATIONAL ALUMINIUM CO LTD
ShortName: SICAL, CompanyName: SICAL LOGISTICS LIMITED
ShortName: CHAFER, CompanyName: CHAMBAL FERTILISERS & CHEMICAL
ShortName: COUCLU, CompanyName: COUNTRY CLUB HOSP. & HOLIDAYS
ShortName: DILMED, CompanyName: DILIGENT MEDIA CORPORATION LTD
ShortName: KRIIND, CompanyName: KRITI INDUSTRIES (INDIA) LTD
ShortName: MANORG, CompanyName: MANGALAM ORGANICS LIMITED
ShortName: TECEEC, CompanyName: TECHNO ELECTRIC AND ENGINEERIN
ShortName: ICICON, CompanyName: ICICI PRUD CONSUMPTION ETF
ShortName: ADINIT, CompanyName: ADITYA BIRLA SUN NIFTY IT ETF
ShortName: IRIBUS, CompanyName: IRIS BUSINESS SERVICES LTD
ShortName: ORIINF, CompanyName: ORIENT INFORMATION TECHNO
ShortName: CHAIN, CompanyName: CHAMPDANY INDUSTRIES LTD
ShortName: FSNECO, CompanyName: FSN ECOMMERCE VENTURES NYKAA
ShortName: LAXCOT, CompanyName: LAXMI COTSPIN LIMITED
ShortName: FINPA, CompanyName: FINO PAYMENTS BANK LIMITED
ShortName: SONSOF, CompanyName: SONATA SOFTWARE LIMITED
ShortName: GENPAP, CompanyName: GENUS PAPER & BOARDS LIMITED
ShortName: DSPEQU, CompanyName: DSP NIFTY 50 EQUAL WEIGHT ETF
ShortName: SJSENT, CompanyName: S.J.S. ENTERPRISES LIMITED
ShortName: PBFINT, CompanyName: PB FINTECH LTD POLICYBZR
ShortName: SIGIN, CompanyName: SIGACHI INDUSTRIES LIMITED
ShortName: CHETEX, CompanyName: CHESLIND TEXTILE LTD
ShortName: INFAR, CompanyName: ORGANON INDIA
ShortName: FOOINN, CompanyName: FOODS & INNS LTD
ShortName: PENCOM, CompanyName: PENTASOFT TECHNOLOGIES
ShortName: SUNEC, CompanyName: SUN EARTH CERAMICS LTD
ShortName: ONE97, CompanyName: ONE 97 COMMUNICATIONS PAYTM
ShortName: ILFVEN, CompanyName: IL & FS INVESTMENT MANAGERS LT
ShortName: MOLPAC, CompanyName: MOLD-TEK PACKAGING LIMITED
ShortName: SAPFOO, CompanyName: SAPPHIRE FOODS INDIA LIMITED
ShortName: JINSP, CompanyName: JINDAL STEEL & POWER LIMITED
ShortName: EXIIND, CompanyName: EXIDE INDUSTRIES LTD
ShortName: INDNAT, CompanyName: INDO NATIONAL LIMITED
ShortName: STECAS, CompanyName: STEELCAST LTD
ShortName: LATVIE, CompanyName: LATENT VIEW ANALYTICS LIMITED
ShortName: FOCLIG, CompanyName: FOCUS LIGHTING FIXTURES LTD
ShortName: GREEIN, CompanyName: GREENLAM INDUSTRIES LIMITED
ShortName: CHOINV, CompanyName: CHOLAMANDALAM INVESTMENT AND F
ShortName: DHRCON, CompanyName: DHRUV CONSULTANCY SERVICES LTD
ShortName: BAJHEA, CompanyName: BAJAJ HEALTHCARE LIMITED
ShortName: VISCHE, CompanyName: VISHNU CHEMICALS LIMITED
ShortName: RAJP, CompanyName: RAJSHREE POLYPACK LIMITED
ShortName: CIPLA, CompanyName: CIPLA LIMITED
ShortName: TARPR, CompanyName: TARSONS PRODUCTS LTD
ShortName: GANECO, CompanyName: GANESHA ECOSPHERE   LIMITED
ShortName: LINPEN, CompanyName: LINC LIMITED
ShortName: MENBEA, CompanyName: MENON BEARINGS LTD
ShortName: GOFASH, CompanyName: GO FASHION INDIA GO COLORS
ShortName: CITSEC, CompanyName: E SERVE INTERNATIONAL
ShortName: KPITEC, CompanyName: BIRLASOFT LIMITED
ShortName: AARIND, CompanyName: AARTI INDUSTRIES LTD
ShortName: POLCON, CompanyName: POLARIS CONSULTING & SERVICES
ShortName: HEMPRO, CompanyName: HEMISPHERE PROPERTIES IND LTD
ShortName: SHIRAS, CompanyName: SHIVALIK RASAYAN LIMITED
ShortName: DICIND, CompanyName: DIC INDIA LIMITED
ShortName: HESPHA, CompanyName: HESTER BIOSCIENCES LTD
ShortName: ACCKAL, CompanyName: ACCELYA SOLUTIONS INDIA LTD
ShortName: MADCOA, CompanyName: MADURA COATS LTD.
ShortName: MIRTEC, CompanyName: MIRAE ASSET HANG SENG TECH ETF
ShortName: STAHEA, CompanyName: STAR HEALTH ALLIED INS CO LTD
ShortName: COCREF, CompanyName: KOCHI  REFINERIES LTD
ShortName: TEGIND, CompanyName: TEGA INDUSTRIES LIMITED
ShortName: JULMOT, CompanyName: JULLUNDUR MOTOR AGENCY DELHI
ShortName: SHALIM, CompanyName: SHALBY LIMITED
ShortName: ANARAT, CompanyName: ANAND RATHI WEALTH LIMITED
ShortName: CLACHE, CompanyName: HEUBACH COLORANTS INDIA LTD
ShortName: RATTRA, CompanyName: RATEGAIN TRAVEL TECHNOLOGIES
ShortName: SYNBN, CompanyName: SYNDICATE BANK
ShortName: BHABO5, CompanyName: BHARAT BOND ETF APRIL 2032
ShortName: SHRPRO, CompanyName: SHRIRAM PROPERTIES LIMITED
ShortName: JETFRE, CompanyName: JET FREIGHT LOGISTICS LIMITED
ShortName: SBIQUA, CompanyName: SBI ETF QUALITY MF
ShortName: SBIEPB, CompanyName: SBI ETF PRIVATE BANK
ShortName: CEINFO, CompanyName: CEINFO SYSTEMS LTD MAPMYINDIA
ShortName: HCLTEC, CompanyName: HCL TECHNOLOGIES LIMITED
ShortName: TATCO, CompanyName: TATA COFFEE LTD
ShortName: METBRA, CompanyName: METRO BRANDS LIMITED
ShortName: MEDHEA, CompanyName: MEDPLUS HEALTH SERVICES
ShortName: CONCON, CompanyName: CONTINENTAL CONSTRUCTIONS
ShortName: UDACEM, CompanyName: UDAIPUR CEMENT WORKS LIMITED
ShortName: JTLINF, CompanyName: JTL INDUSTRIES LIMITED
ShortName: VISINF, CompanyName: VISESH INFOTECNICS LIMITED
ShortName: DCMSI, CompanyName: DCM SHRIRAM INDUSTRIES LTD
ShortName: BIRNEX, CompanyName: ADITYA BIR SUNLIF NIF NXT50ETF
ShortName: SBIN50, CompanyName: SBI-ETF NIFTY NEXT 50
ShortName: WELIN, CompanyName: WELLWIN INDUSTRY
ShortName: DATPAT, CompanyName: DATA PATTERNS INDIA LIMITED
ShortName: CORHEA, CompanyName: CORE HEALTHCARE LTD
ShortName: SBIBAN, CompanyName: SBI-ETF NIFTY BANK
ShortName: STRSHA, CompanyName: STRIDES PHARMA SCIENCE LTD
ShortName: HPADHE, CompanyName: HP ADHESIVES LIMITED
ShortName: CORINT, CompanyName: COROMANDEL INTERNATIONAL LIMIT
ShortName: SUPLIF, CompanyName: SUPRIYA LIFESCIENCE LIMITED
ShortName: SBIEIT, CompanyName: SBI ETF IT
ShortName: RAJEXP, CompanyName: RAJESH EXPORTS LIMITED
ShortName: GLEPHA, CompanyName: GLENMARK PHARMACEUTICALS LTD
ShortName: KOTN50, CompanyName: KOTAK NIFTY ALPHA 50 ETF
ShortName: MANCOA, CompanyName: MANAKSIA COATED METALS & IND
ShortName: COSFIL, CompanyName: COSMO FIRST LIMITED
ShortName: MANAL, CompanyName: MANAKSIA ALUMINIUM COMPANY LTD
ShortName: MOTQ50, CompanyName: MOTILAL OSWAL NASDAQ Q 50 ETF
ShortName: HECINF, CompanyName: HEC INFRA PROJECTS LIMITED
ShortName: DSPN50, CompanyName: DSP NIFTY 50 ETF
ShortName: DSP150, CompanyName: DSP NIFTY MIDCAP 150 ETF
ShortName: MANSTE, CompanyName: MANAKSIA STEELS LIMITED
ShortName: WOCKHA, CompanyName: WOCKHARDT LTD
ShortName: ZENTEC, CompanyName: ZEN TECHNOLOGIES LTD
ShortName: NRBBEA, CompanyName: NRB BEARINGS LTD
ShortName: IVRINF, CompanyName: IVRCL LIMITED
ShortName: CRISIL, CompanyName: CRISIL LIMITED
ShortName: CROGRE, CompanyName: CG POWER AND IND SOLUTIONS LTD
ShortName: CMSIN, CompanyName: CMS INFO SYSTEMS LIMITED
ShortName: GEOLIM, CompanyName: GEOMETRIC LIMITED
ShortName: ADLENT, CompanyName: IMAGICAAWORLD ENTERTAINMEN LTD
ShortName: NETSTO, CompanyName: MONARCH NETWORTH CAPITAL LTD
ShortName: DABIND, CompanyName: DABUR INDIA LTD
ShortName: UNITEL, CompanyName: UNIINFO TELECOM SERVICES LTD
ShortName: DALSUG, CompanyName: DALMIA BHARAT SUGAR AND INDUST
ShortName: WONFIB, CompanyName: WONDER ELECTRICALS LIMITED
ShortName: TATNIF, CompanyName: TATA NIFTY ETF
ShortName: ICIAUT, CompanyName: ICICI PRU NIFTY AUTO ETF
ShortName: RAMSYS, CompanyName: RAMCO SYSTEMS LIMITED
ShortName: INOWIN, CompanyName: INOX WIND LIMITED
ShortName: ALSIND, CompanyName: GE POWER INDIA LIMITED
ShortName: NIPAUT, CompanyName: NIPPON INDIA NIFTY AUTO ETF
ShortName: ALECHE, CompanyName: ALEMBIC LTD
ShortName: THELAK, CompanyName: THE LAKSHMI FINANCE & INDUSTRI
ShortName: THEBYK, CompanyName: THE BYKE HOSPITALITY LTD
ShortName: AGSTRA, CompanyName: AGS TRANSACT TECHNOLOGIES LTD
ShortName: CADHEA, CompanyName: ZYDUS LIFESCIENCES LIMITED
ShortName: AVAFEE, CompanyName: AVANTI FEEDS LTD
ShortName: ICIPSE, CompanyName: ICICI PRUDENTIAL SILVER ETF
ShortName: MALIND, CompanyName: MALLCOM INDIA LIMITED
ShortName: MIRMAN, CompanyName: MIRAE ASSET MANUFACTURING ETF
ShortName: GARPOL, CompanyName: GARWARE HI TECH FILMS LIMITED
ShortName: DAUORG, CompanyName: DAURALA ORGANICS LTD
ShortName: ADISIL, CompanyName: ADITYA BIRLA LIFE SILVER ETF
ShortName: CINEVI, CompanyName: CINEVISTA LIMITED
ShortName: SHITEX, CompanyName: SHIVA TEXYARN LIMITED
ShortName: DCM, CompanyName: DCM LIMITED
ShortName: MAHLIF, CompanyName: MAHINDRA LIFESPACE DEVELOPERS
ShortName: ZENCOM, CompanyName: ZENITH COMPUTERS LIMITED
ShortName: KARBAN, CompanyName: KARNATAKA BANK LTD
ShortName: ODICEM, CompanyName: DALMIA BHARAT LIMITED
ShortName: KOTMID, CompanyName: KOTMID	KOTAK NIFTY MIDCAP 50 E
ShortName: DAEMOT, CompanyName: DCM DAEWOO MOTORS LTD
ShortName: NIPSIL, CompanyName: NIPPON INDIA SILVER ETF
ShortName: DCMSHR, CompanyName: DCM SHRIRAM LIMITED
ShortName: ADAWIL, CompanyName: ADANI WILMAR LIMITED FORTUNE
ShortName: CESVEN, CompanyName: RPSG VENTURES LIMITED
ShortName: AJAPHA, CompanyName: AJANTA PHARMA LTD
ShortName: BLBLTD, CompanyName: BLB LIMITED
ShortName: PVDPLA, CompanyName: FIBERWEB (INDIA) LTD
ShortName: SPERET, CompanyName: SPENCERS RETAIL LIMITED
ShortName: VEDFAS, CompanyName: VEDANT FASHIONS LIMITED
ShortName: DCW, CompanyName: DCW LIMITED
ShortName: SAGALL, CompanyName: SAGARDEEP ALLOYS LIMITED
ShortName: MOTM30, CompanyName: MOTILAL OS NIF 200 MOMENTUM 30
ShortName: BANBIO, CompanyName: BANKA BIOLOO LIMITED
ShortName: SOFENG, CompanyName: SOFTTECH ENGINEERS LIMITED
ShortName: MASSYS, CompanyName: IGATE GLOBAL SOLUTIONS LIMITED
ShortName: DEEFER, CompanyName: DEEPAK FERTILIZERS &PETROCHEMI
ShortName: PRIINT, CompanyName: PRITI INTERNATIONAL LIMITED
ShortName: BLUSTA, CompanyName: BLUE STAR LTD
ShortName: ICIGSE, CompanyName: ICICI PRU 5 YEAR G-SEC ETF
ShortName: MIR150, CompanyName: MIRAE ASSET NIF MIDCAP 150 ETF
ShortName: DEWHOU, CompanyName: DEWAN HOUSING FINANCE CORPN L
ShortName: VIPLTD, CompanyName: VIPUL LIMITED
ShortName: MITCON, CompanyName: MITCON CONSULTANCY AND ENGG
ShortName: XELDES, CompanyName: XELPMOC DESIGN AND TECH LTD
ShortName: TVSMOT, CompanyName: TVS MOTOR COMPANY LIMITED
ShortName: REL150, CompanyName: NIPPON IND ETF NIF MIDCAP 150
ShortName: GATDIS, CompanyName: GATEWAY DISTRIPARKS LIMITED
ShortName: GMRPOW, CompanyName: GMR POWER AND URBAN INFRA LTD
ShortName: CHAHOT, CompanyName: CHALET HOTELS LIMITED
ShortName: DHASUG, CompanyName: DHAMPUR SUGAR MILLS LTD
ShortName: NEYLIG, CompanyName: NLC INDIA LIMITED
ShortName: AKSOPT, CompanyName: AKSH OPTIFIBRE LIMITED
ShortName: MOTSU, CompanyName: MOTHERSON SUMI WIRING IND LTD
ShortName: DHAMOR, CompanyName: DMCC SPECIALITY CHEMICALS LTD.
ShortName: INDBOR, CompanyName: INDO BORAX & CHEMICALS LTD
ShortName: KOTLVO, CompanyName: KOTAK NIFTY 100 LOW VOL 30 ETF
ShortName: VETSWI, CompanyName: VETO SWITCHGEARS & CABLES LTD
ShortName: MOTLOV, CompanyName: MOTILAL OSWAL S&P LOW VOL ETF
ShortName: DEBSAL, CompanyName: DEBOCK INDUSTRIES LIMITED
ShortName: MUKART, CompanyName: MUKTA ARTS LIMITED
ShortName: DIGEQU, CompanyName: DIGITAL GLOBALSOFT LTD
ShortName: VRLLOG, CompanyName: VRL LOGISTICS LIMITED
ShortName: DLFCEM, CompanyName: AMBUJA CEMENT RAJASTHAN LTD
ShortName: SHAILY, CompanyName: SHAILY ENGINEERING PLASTICS LT
ShortName: PNBGIL, CompanyName: PNB GILTS LIMITED
ShortName: ASTPAP, CompanyName: ASTRON PAPER BOARD MILL LTD
ShortName: ELABEC, CompanyName: ELANTAS BECK INDIA LTD
ShortName: BLUIN, CompanyName: BLUE STAR INFOTECH LIMITED
ShortName: MEPINF, CompanyName: MEP INFRASTRUCTURE DEV LTD
ShortName: DRIND, CompanyName: D.R.INDUSTRIES
ShortName: ORIBEN, CompanyName: ORISSA BENGAL CARRIER LIMITED
ShortName: ALPFIN, CompanyName: ALPIC FINANCE LTD
ShortName: SONCL, CompanyName: SONAM CLOCK LIMITED
ShortName: DRREDD, CompanyName: DR REDDYS LABORATORIES LTD
ShortName: ADIFIN, CompanyName: PRIVI SPECIALITY CHEMICALS LTD
ShortName: GUJAE, CompanyName: GUJARAT AMBUJA EXPORTS LIMITED
ShortName: LYCINT, CompanyName: BRIGHTCOM GROUP LIMITED
ShortName: USHMA, CompanyName: USHA MARTIN LIMITED
ShortName: CHOINT, CompanyName: CHOICE INTERNATIONAL LTD
ShortName: TATNID, CompanyName: TATA NIFTY INDIA DIGITAL ETF
ShortName: VERLEA, CompanyName: VERANDA LEARNING SOLUTIONS LTD
ShortName: E2ENET, CompanyName: E2E NETWORKS LIMITED
ShortName: RITLOG, CompanyName: RITCO LOGISTICS LIMITED
ShortName: ELDHOU, CompanyName: ELDECO HOUSING & IND LTD
ShortName: TATTE, CompanyName: TATA TELESERVICES MAHARASHTRA
ShortName: KHAFER, CompanyName: KHAITAN CHEMICALS & FERTILIZER
ShortName: GARIND, CompanyName: HARDWYN INDIA LIMITED
ShortName: HARPIP, CompanyName: HARIOM PIPE INDUSTRIES LIMITED
ShortName: MROTEK, CompanyName: MRO-TEK REALTY LIMITED
ShortName: NOVART, CompanyName: NOVARTIS INDIA LIMITED
ShortName: NOVIND, CompanyName: NOVOPAN INDUSTRIES LIMITED
ShortName: THEANU, CompanyName: THE ANUP ENGINEERING LIMITED
ShortName: UFOMOV, CompanyName: UFO MOVIEZ INDIA LIMITED
ShortName: AGRPHO, CompanyName: AGRO PHOS INDIA LIMITED
ShortName: ROTPUM, CompanyName: ROTO PUMPS LTD
ShortName: EDENIF, CompanyName: EDELWEISS MF SCH NIFTY ETF
ShortName: PIXTRA, CompanyName: PIX TRANSMISSIONS LTD
ShortName: EICMOT, CompanyName: EICHER MOTORS LTD
ShortName: ARVFAS, CompanyName: ARVIND FASHIONS LIMITED
ShortName: INDAMI, CompanyName: INDO AMINES LTD
ShortName: TIPIND, CompanyName: TIPS INDUSTRIES LIMITED
ShortName: EQUSMA, CompanyName: EQUITAS SMALL FINANCE BANK LTD
ShortName: BALTEL, CompanyName: BALAJI TELEFILMS LIMITED
ShortName: EIDPAR, CompanyName: EID PARRY (INDIA) LTD
ShortName: VISORG, CompanyName: VISION ORGANICS LIMITED
ShortName: UTINEX, CompanyName: UTI SP BSE Sensex Next 50 ETF
ShortName: EIHLIM, CompanyName: EIH LIMITED
ShortName: NILINF, CompanyName: NILA INFRASTRUCTURES LTD
ShortName: AZTEC, CompanyName: AZTECSOFT LIMITED
ShortName: ELECAS, CompanyName: ELECTROSTEEL CASTINGS LTD
ShortName: NIVMER, CompanyName: STARTECK FINANCE LIMITED
ShortName: STETEC, CompanyName: STERLITE TECHNOLOGIES LIMITED
ShortName: PRINAN, CompanyName: PRITISH NANDY COMMUNICATIONS L
ShortName: INDOVE, CompanyName: INDIAN OVERSEAS BANK
ShortName: TAJGVK, CompanyName: TAJ GVK HOTELS And RESORTS LTD
ShortName: MSTLIM, CompanyName: MSTC LIMITED
ShortName: DPABH, CompanyName: D P ABHUSHAN LIMITED
ShortName: CAMACT, CompanyName: CAMPUS ACTIVEWEAR LIMITED
ShortName: ELGEQU, CompanyName: ELGI EQUIPMENTS LTD
ShortName: DHAF, CompanyName: TRUCAP FINANCE LIMITED
ShortName: CREEYE, CompanyName: CREATIVE EYE LIMITED
ShortName: PNCINF, CompanyName: PNC INFRATECH
ShortName: LANCON, CompanyName: LANCER CONTAINER LINES LIMITED
ShortName: MERLIM, CompanyName: PROCTER AND GAMBLE HEALTH LTD
ShortName: RAICHI, CompanyName: RAINBOW CHILDRENS MEDICARE LTD
ShortName: SILTOU, CompanyName: SILVER TOUCH TECHNOLOGIES LTD
ShortName: SKILTD, CompanyName: SKIPPER LTD
ShortName: ADLFIL, CompanyName: RELIANCE MEDIAWORKS LIMITED
ShortName: LIC, CompanyName: LIFE INSURANCE CORP OF IND LIC
ShortName: SAKHEA, CompanyName: SAKAR HEALTHCARE LIMITED
ShortName: ESAIND, CompanyName: ESAB INDIA LTD
ShortName: RAIVIK, CompanyName: RAIL VIKAS NIGAM LIMITED
ShortName: PRUCOP, CompanyName: PRUDENT CORPORATE ADVISORY LTD
ShortName: ESCORT, CompanyName: ESCORTS KUBOTA LIMITED
ShortName: METHEA, CompanyName: METROPOLIS HEALTHCARE LIMITED
ShortName: POLI, CompanyName: POLYCAB INDIA LIMITED
ShortName: VENPIP, CompanyName: VENUS PIPES TUBES LIMITED
ShortName: DELLIM, CompanyName: DELHIVERY LIMITED
ShortName: SUPPET, CompanyName: SUPREME PETROCHEM LIMITED
ShortName: BSEINF, CompanyName: BSEL INFRASTRUCTURE REALTY LTD
ShortName: RELCHE, CompanyName: RELIANCE CHEMOTEX INDUSTRIES L
ShortName: MEDREM, CompanyName: MEDICO REMEDIES LTD
ShortName: HIKCHE, CompanyName: HIKAL LIMITED
ShortName: SUBSYS, CompanyName: SUBEX LTD
ShortName: KPITE, CompanyName: KPIT TECHNOLOGIES LIMITED
ShortName: TRILTD, CompanyName: TRIDENT LTD
ShortName: ESSOIL, CompanyName: NAYARA ENERGY LTD
ShortName: PARPHO, CompanyName: PARADEEP PHOSPHATES LIMITED
ShortName: ETHLIM, CompanyName: ETHOS LIMITED
ShortName: EMULIM, CompanyName: EMUDHRA LIMITED
ShortName: ESSPRO, CompanyName: EPL LIMITED
ShortName: AETIND, CompanyName: AETHER INDUSTRIES LIMITED
ShortName: HAVIND, CompanyName: HAVELLS INDIA LIMITED
ShortName: RENV20, CompanyName: NIPPON INDIA ETF NV20
ShortName: SURBPO, CompanyName: WE WIN LIMITED
ShortName: NEXMED, CompanyName: NEXT MEDIAWORKS LTD
ShortName: CHECOM, CompanyName: CHEVIOT COLTD
ShortName: SMANET, CompanyName: SMARTLINK HOLDINGS LIMITED
ShortName: AIRLTD, CompanyName: AIRAN LTD
ShortName: AXICOT, CompanyName: AXITA COTTON LTD
ShortName: NEOCHE, CompanyName: NEOGEN CHEMICALS LIMITED
ShortName: ALALIM, CompanyName: ALANKIT LIMITED
ShortName: ETEEVE, CompanyName: EVEREST INDUSTRIES LIMITED
ShortName: VIKMUL, CompanyName: VIKAS LIFECARE LIMITED
ShortName: INDNIF, CompanyName: INDIABULLS NIFTY50 ETF
ShortName: CGIOFS, CompanyName: IGARASHI MOTORS INDIA LTD OFS
ShortName: COAOFS, CompanyName: COAL INDIA OFS
ShortName: DREOFS, CompanyName: DREDGING CORP OF INDIA OFS
ShortName: ENGOFS, CompanyName: ENGINEERS INDIA LTD OFS
ShortName: IOCOFS, CompanyName: INDIAN OIL CORPORATION LTD OFS
ShortName: JKUOFS, CompanyName: UDAIPUR CEMENT WORKS OFS
ShortName: CHECEM, CompanyName: CHETTINAD CEMENT CORPORATION L
ShortName: FLOIND, CompanyName: FLOATGLASS (I) LTD
ShortName: PASFAB, CompanyName: PASUPATI FABRICS LTD
ShortName: SHRCIN, CompanyName: FAME INDIA LIMITED
ShortName: TECELE, CompanyName: TECHNO ELEC. & ENGG. AML
ShortName: NTPOFS, CompanyName: NTPC LTD OFS
ShortName: POWOFS, CompanyName: POWER FINANCE CORPO LTD OFS
ShortName: RUROFS, CompanyName: RURAL ELECTRIFICATION CORP OFS
